id,name,z,logMbar,elogMbar,logMbulge,Re,eRe,fdm,efdm,Vc,sigma0
1,U4 38210,0.61,10.99,0.13,10.44,8.10,1.53,0.44,0.13,240,44
2,U4 20688,0.63,10.81,0.11,10.62,9.57,1.65,0.67,0.13,275,16
3,EGS3 10098,0.66,10.93,0.11,10.71,2.95,0.92,0.14,0.12,271,29
4,U3 21388,0.67,10.64,0.18,9.33,7.81,1.28,0.70,0.13,205,53
5,EGS4 21351,0.73,10.61,0.14,10.27,4.16,1.66,0.06,0.08,159,17
6,GS4 00984,0.73,9.72,0.21,9.02,5.25,1.67,0.79,0.14,116,25
7,EGS4 11261,0.75,11.12,0.08,10.81,5.02,1.22,0.20,0.10,294,22
8,GS4 13143,0.76,10.33,0.11,10.18,5.51,1.26,0.41,0.13,147,22
9,U3 08493,0.79,11.08,0.11,10.48,3.79,1.01,0.10,0.11,267,16
10,COS4 05656,0.8,10.61,0.10,10.32,4.99,1.39,0.27,0.12,181,24
11,COS4 05925,0.8,10.95,0.15,10.55,5.72,1.08,0.36,0.17,257,35
12,U3 03856,0.8,10.62,0.17,10.02,7.54,1.55,0.64,0.20,212,25
13,U3 05138,0.81,10.46,0.11,10.16,7.60,1.46,0.38,0.16,136,29
14,U4 42393,0.82,11.15,0.10,10.63,2.61,0.73,0.08,0.07,335,64
15,GS4 03228,0.82,10.08,0.17,9.99,6.79,1.46,0.70,0.13,142,13
16,GS4 32976,0.83,10.70,0.09,10.65,7.73,1.45,0.57,0.09,235,43
17,GS3 23200,0.83,10.25,0.18,8.73,6.72,1.49,0.63,0.16,127,33
18,COS4 01351,0.85,11.13,0.11,10.51,7.52,1.41,0.38,0.09,267,58
19,COS4 06487,0.91,10.91,0.09,10.75,4.97,1.50,0.38,0.10,286,30
20,COS3 18434,0.91,10.73,0.10,10.53,6.75,1.57,0.50,0.14,232,38
21,U4 19954,0.91,11.21,0.07,10.93,8.63,1.28,0.17,0.12,260,22
22,COS3 22796,0.91,10.61,0.19,9.73,9.93,1.71,0.53,0.19,152,25
23,U4 13849,0.91,10.88,0.12,10.42,6.79,1.35,0.31,0.13,213,29
24,U4 22199,0.91,10.46,0.06,10.44,4.93,1.19,0.02,0.04,117,35
25,U3 15226,0.92,10.72,0.10,10.46,5.79,1.28,0.28,0.12,182,30
26,GS4 05881,0.99,10.21,0.13,10.14,5.71,1.41,0.74,0.11,193,61
27,GS3 30840,1.02,10.51,0.13,10.21,5.82,1.64,0.65,0.11,207,38
28,GS4 29973,1.02,9.90,0.20,9.50,5.09,1.54,0.74,0.12,135,24
29,GS3 27242,1.02,10.85,0.10,10.45,2.85,0.88,0.12,0.08,259,12
30,COS3 16954,1.03,10.90,0.10,10.60,8.26,1.47,0.59,0.10,269,51
31,COS3 04796,1.03,11.18,0.11,10.43,9.60,1.58,0.42,0.11,266,14
32,EGS 13035123,1.12,11.08,0.09,10.38,10.19,1.63,0.19,0.13,196,16
33,EGS 13004291,1.2,11.11,0.06,10.90,3.65,1.02,0.04,0.06,284,54
34,EGS 13003805,1.23,11.46,0.07,10.93,5.94,1.18,0.05,0.08,321,29
35,GS4 30432,1.31,10.66,0.11,10.50,7.21,1.62,0.52,0.12,208,38
36,GS4 14356,1.36,10.72,0.19,8.72,5.59,1.26,0.46,0.23,193,26
37,EGS4 38153,1.36,11.16,0.16,10.37,5.11,1.28,0.35,0.14,314,57
38,GS4 27441,1.38,11.06,0.17,10.44,7.21,1.55,0.46,0.15,271,68
39,EGS4 24985,1.4,11.03,0.10,10.59,4.64,1.12,0.31,0.12,288,41
40,U4 27256,1.42,10.83,0.13,10.11,6.37,1.42,0.14,0.10,168,20
41,U4 32570,1.42,10.81,0.14,10.62,8.01,1.66,0.55,0.13,252,89
42,U4 28358,1.42,10.98,0.11,10.61,3.14,1.23,0.15,0.11,294,74
43,zC 403741,1.45,10.55,0.06,10.39,3.01,0.98,0.08,0.10,180,66
44,U4 33383,1.48,10.05,0.12,9.66,4.98,1.34,0.28,0.17,92,48
45,COS4 10048,1.5,10.56,0.12,10.04,7.48,1.41,0.47,0.11,160,46
46,D3a 6397,1.5,11.24,0.06,11.05,6.54,1.27,0.13,0.10,225,60
47,U4 31577,1.52,11.06,0.10,10.56,6.49,1.48,0.53,0.09,347,129
48,U4 35796,1.53,11.18,0.14,10.48,7.29,1.15,0.12,0.14,225,29
49,COS4 13890,1.53,11.44,0.07,11.18,7.19,1.75,0.34,0.08,412,41
50,EGS 13011166,1.53,11.25,0.08,10.99,6.89,1.33,0.26,0.11,320,53
51,COS4 24012,1.53,10.48,0.10,10.26,4.81,1.11,0.19,0.12,139,42
52,COS4 17808,1.59,10.75,0.10,10.45,4.46,1.55,0.10,0.10,226,26
53,GK 2540,1.61,10.52,0.16,9.92,3.13,1.02,0.27,0.18,155,21
54,GS4 43501,1.61,10.88,0.10,10.29,4.88,1.14,0.31,0.08,240,49
55,GS4 14152,1.62,11.52,0.09,10.88,6.93,1.26,0.14,0.09,350,40
56,GS4 16814,1.62,10.89,0.06,10.73,5.00,1.39,0.06,0.06,227,47
57,U4 34480,1.65,10.25,0.12,9.55,1.57,0.62,0.27,0.12,193,29
58,COS4 05606,1.66,10.63,0.16,10.33,4.29,1.39,0.35,0.12,205,36
59,U4 19708,1.66,10.84,0.08,10.61,5.88,1.55,0.32,0.10,219,34
60,GS3 15675,2.0,10.76,0.17,9.76,7.39,1.35,0.56,0.20,206,82
61,zC 412369,2.02,10.64,0.19,8.94,4.38,1.31,0.45,0.21,197,94
62,K20 ID9,2.04,10.91,0.13,10.39,7.11,1.40,0.45,0.15,234,24
63,COS4 10347,2.06,10.81,0.11,10.51,5.19,1.46,0.21,0.18,220,46
64,COS4 13174,2.1,11.28,0.07,10.93,6.99,0.94,0.16,0.10,268,41
65,GS4 01529,2.12,11.33,0.12,9.63,4.50,1.06,0.11,0.10,313,64
66,CDFS 2954,2.13,10.97,0.20,9.45,4.29,1.07,0.55,0.21,324,114
67,zC 405501,2.15,10.68,0.14,9.59,7.13,1.03,0.21,0.14,89,61
68,COS4 08775,2.16,10.46,0.14,9.53,4.24,1.37,0.17,0.13,129,48
69,COS4 05094,2.17,10.77,0.12,10.55,4.95,1.05,0.30,0.16,223,50
70,SSA22 MD41,2.17,10.46,0.32,9.15,7.61,1.31,0.74,0.20,190,73
71,BX389,2.17,11.05,0.18,10.52,6.95,1.01,0.56,0.13,302,79
72,U4 36568,2.18,11.19,0.08,10.97,3.71,1.38,0.03,0.06,342,77
73,zC 407302,2.18,10.74,0.09,10.44,4.64,1.16,0.40,0.09,225,43
74,GS3 24273,2.19,10.84,0.08,10.74,7.69,1.40,0.27,0.10,211,23
75,U4 20704,2.19,11.39,0.10,10.71,8.89,1.41,0.19,0.13,234,80
76,COS4 05433,2.19,10.80,0.11,10.50,5.40,1.27,0.22,0.15,206,40
77,zC 406690,2.2,11.05,0.04,11.00,4.82,1.21,0.04,0.06,276,72
78,BX610,2.21,11.04,0.11,10.64,5.24,1.41,0.38,0.10,307,77
79,K20 ID8,2.22,10.70,0.10,10.40,5.67,1.49,0.16,0.12,168,45
80,U3 10584,2.22,10.61,0.15,10.31,6.17,1.44,0.40,0.18,181,57
81,K20 ID7,2.22,11.04,0.23,9.56,7.50,1.77,0.65,0.17,282,72
82,U4 13704,2.22,10.62,0.19,9.62,3.59,1.08,0.41,0.21,193,39
83,K20 ID5,2.22,11.18,0.08,11.17,2.48,1.09,0.07,0.08,174,100
84,K20 ID6,2.24,10.66,0.12,10.13,5.19,1.10,0.27,0.17,154,62
85,zC 400569,2.24,10.95,0.07,10.79,4.31,1.31,0.16,0.09,241,58
86,BX482,2.26,10.97,0.17,9.27,5.98,1.03,0.60,0.15,285,71
87,J0901+1814,2.26,11.09,0.07,10.09,4.33,0.85,0.06,0.06,209,55
88,zC 405226,2.29,10.19,0.14,9.99,6.15,1.37,0.69,0.10,167,68
89,COS4 02672,2.31,10.83,0.18,9.83,7.11,1.32,0.40,0.22,199,62
90,U3 06856,2.31,10.56,0.14,9.56,2.48,0.86,0.26,0.18,195,53
91,D3a 15504,2.38,11.11,0.08,10.59,6.61,1.23,0.24,0.09,234,69
92,D3a 6004,2.39,11.47,0.08,11.13,5.52,1.20,0.10,0.11,359,65
93,zC 400528,2.39,10.87,0.06,10.82,1.75,0.78,0.03,0.10,308,74
94,GS4 37124,2.43,10.73,0.10,10.58,4.14,1.15,0.39,0.13,253,66
95,COS4 06079,2.44,11.03,0.12,10.59,5.26,1.37,0.07,0.13,239,36
96,zC 413597,2.45,10.13,0.11,9.97,2.02,1.34,0.09,0.11,136,40
97,GS4 42930,2.45,10.39,0.09,10.09,3.67,0.88,0.28,0.13,154,50
98,zC 410041,2.45,9.88,0.19,9.48,4.45,1.49,0.63,0.19,124,56
99,COS4 19753,2.47,10.59,0.12,8.59,4.22,1.06,0.08,0.12,134,73
100,U3 25105,2.52,11.06,0.07,10.75,5.72,1.45,0.08,0.08,239,53
